<?xml version="1.0" encoding="UTF-8"?>
<Configuration status="WARN">
    <Appenders>
        <Console name="Console" target="SYSTEM_OUT">
			<ExtendedPatternLayout pattern="%highlight{%d{HH:mm:ss}{GMT+0} [%t] %-5level: %c{1} - %msg%n%throwable}"/>
        </Console>
        <Console name="Info" target="SYSTEM_OUT">
			<ExtendedPatternLayout pattern="%highlight{%d{HH:mm:ss}{GMT+0} [%t] %-5level: %c{1}} - %msg%n%highlight{%throwable}"/>
        </Console>
        <Console name="Direct" target="SYSTEM_OUT">
			<ExtendedPatternLayout pattern="%highlight{%msg}%n"/>
        </Console>
    </Appenders>
    <Loggers>
		<Logger name="DirectLogger" level="ALL" additivity="false">
			<AppenderRef ref="Direct"/>
		</Logger>
        
        <Logger name="de.rub.nds.tlsattacker.core.protocol.handler" level="INFO"/>
        <Logger name="de.rub.nds.tlsattacker.core.protocol.message" level="INFO"/>
        <Logger name="de.rub.nds.tlsattacker.core.protocol.parser" level="INFO"/>
        <Logger name="de.rub.nds.tlsattacker.core.protocol.preparator" level="INFO"/>
        <Logger name="de.rub.nds.tlsattacker.core.protocol.serializer" level="INFO"/>
        <Logger name="de.rub.nds.tlsattacker.core.record.cipher" level="INFO"/>
        <Logger name="de.rub.nds.tlsattacker.core.record.compressor" level="INFO"/>
        <Logger name="de.rub.nds.tlsattacker.core.record.crypto" level="INFO"/>
        <Logger name="de.rub.nds.tlsattacker.core.record.layer" level="INFO"/>
        <Logger name="de.rub.nds.tlsattacker.core.record.parser" level="INFO"/>
        <Logger name="de.rub.nds.tlsattacker.core.record.preparator" level="INFO"/>
        <Logger name="de.rub.nds.tlsattacker.core.record.serializer" level="INFO"/>
        <Logger name="de.rub.nds.tlsattacker.core.workflow" level="INFO"/>
        <Logger name="de.rub.nds.tlsattacker.core.workflow.action" level="INFO"/>
        <Logger name="de.rub.nds.tlsattacker.core.config" level="INFO"/>
        <Logger name="de.rub.nds.tlsattacker.core.state" level="INFO"/>
        <Logger name="de.rub.nds.tlsattacker.core.constants" level="INFO"/>
        <Logger name="de.rub.nds.modifiablevariable" level="INFO"/>
        
        <Root level="INFO">
            <AppenderRef ref="Console"/>
        </Root>
    </Loggers>
</Configuration>
