<?xml version="1.0" encoding="UTF-8" standalone="yes"?>
<!-- 
Simple false start trace, try this with Firefox 4 or so, 
which allows it to be used with TLS_RSA_WITH_AES_128_CBC_SHA :)
https://ftp.mozilla.org/pub/firefox/releases/4.0/

With firefox about:config:
    security.ssl.enable_false_start true
    security.ssl.false_start.require-forward-secrecy false
    security.ssl.false_start.require-npn false 

With TLS-Server:
    java -jar apps/TLS-Server.jar -port 5555 \
        -workflow_input resources/examples/false_start_server.xml \
        -cipher TLS_RSA_WITH_AES_128_CBC_SHA
-->
<workflowTrace>
    <Receive>
        <expectedMessages>
            <ClientHello/>
        </expectedMessages>
    </Receive>
    <Send>
        <configuredMessages>
            <ServerHello/>
            <Certificate/>
            <ServerHelloDone/>
        </configuredMessages>
        <configuredRecords>
            <record/>
            <record/>
            <record/>
        </configuredRecords>
    </Send>
    <Receive>
        <expectedMessages>
            <RSAClientKeyExchange/>
            <ChangeCipherSpec/>
            <Finished/>
            <Application/>
        </expectedMessages>
    </Receive>
    <Send>
        <configuredMessages>
            <ChangeCipherSpec/>
            <Finished/>
        </configuredMessages>
        <configuredRecords>
            <record/>
            <record/>
        </configuredRecords>
    </Send>
    <Send>
        <configuredMessages>
            <Application/>
        </configuredMessages>
        <configuredRecords>
            <record/>
        </configuredRecords>
    </Send>       
</workflowTrace>
