<?xml version="1.0" encoding="UTF-8" standalone="yes"?>
<workflowTrace>
    <Send>
        <configuredSSL2Messages>
            <SSL2ClientHello/>
        </configuredSSL2Messages>
        <configuredRecords>
            <record/>
        </configuredRecords>
    </Send>
    <Receive>
        <expectedRecords>
            <record/>
        </expectedRecords>
        <expectedSSL2Messages>
            <SSL2ServerHello/>
        </expectedSSL2Messages>
    </Receive>
    <Send>
        <configuredSSL2Messages>
            <SSL2ClientMasterKey/>
        </configuredSSL2Messages>
        <configuredRecords>
            <record/>
        </configuredRecords>
    </Send>
    <Receive>
        <expectedRecords>
            <record/>
        </expectedRecords>
        <expectedSSL2Messages>
            <SSL2ServerVerify/>
        </expectedSSL2Messages>
    </Receive>
</workflowTrace>

